MAE,Model
3413.3833333333328,Naive
1456.2783333333336,Seasonal Naive
