Model,MAE
ARIMA,3022.966822340502
SARIMA,1176.3628008829535
