Model,MAE
Gradient Boosting,124.1305550875345
Random Forest,168.14635666667314
SARIMA,1176.3628008829535
Seasonal Naive,1456.2783333333336
ARIMA,3022.966822340502
Naive,3413.3833333333328
