Model,MAE
Random Forest,168.14635666667314
Gradient Boosting,124.1305550875345
